
source car2saledb-schema.sql;
insert into users values('dc155d86-1aa1-49b0-9f2a-e7801f64a482','felipe', MD5('felipe'), 'Felipe', 'felipe@acme.com');
insert into user_roles values ('felipe', 'administrador');

insert into users values('dc155d86-1aa1-49b0-9f2a-e7801f64a483','alberto', MD5('alberto'), 'Alberto', 'alberto@acme.com');
insert into user_roles values ('alberto', 'administrador');

insert into users values('dc155d86-1aa1-49b0-9f2a-e7801f64a481','javi', MD5('javi'), 'Javi', 'javi@acme.com');
insert into user_roles values ('javi', 'administrador');

insert into users values('dc155d86-1aa1-49b0-9f2a-e7801f64a485', 'alicia', MD5('alicia'), 'Alicia', 'alicia@acme.com');
insert into user_roles values ('alicia', 'registrado');

insert into users values('dc155d86-1aa1-49b0-9f2a-e7801f64a484','blas', MD5('blas'), 'Blas', 'blas@acme.com');
insert into user_roles values ('blas', 'registrado');

insert into users values('dc155d86-1aa1-49b0-9f2a-e7801f64a486','sergio', MD5('sergio'), 'Sergio', 'sergio@acme.com');
insert into user_roles values ('sergio', 'registrado');

select sleep(1);insert into anuncio (imagen, cont, username, titulo, descripcion, marca, modelo, km, precio, provincia) values ('3abdea94-9f72-4d82-bb72-4facea1e3c04', 0, 'alberto', 'Mazda 3 1.6 CRTD Sportive 5p', 'Tope de la gama con todos los extras posibles como llantas,climatizador,ordenador a bordo,velocidad crucero,marcos manetas y esferas en cromo,mp3,Bluetooth,volante multifuncion ,etc...Se entrega totalmente revisado y con garantia', 'Mazda', '3', 11000, 1500, 'Barcelona');
select sleep(1);insert into anuncio (imagen, cont, username, titulo, descripcion, marca, modelo, km, precio, provincia) values ('4dd0d8cc-3d24-4924-91fe-6b7e77263c99', 0, 'blas', 'Mazda 2 Sportive 1.5 5p', 'MAZDA - 2 5P D/a e/e c/c , radio cd, airbags, abs , volante regulable altura , etc. . . . vehiculos en stock totalmente revisados. le financiamos al mejor interes. recogemos su coche sin necesidad de comprar otro nuevo o usado. neumaticos a estrenar!impecable estado.', 'Mazda', '2', 66000, 1500, 'Madrid');
select sleep(1);insert into anuncio (imagen, cont, username, titulo, descripcion, marca, modelo, km, precio, provincia) values ('7aff5245-dd9c-45cd-a870-2bf62c1a6005', 0, 'sergio', 'Mazda 5 Active 1.8 5p', 'MAZDA 5 CRTD DE 7 PLAZAS EN MUY BUENAS CONDICIONES FUNCIONANDO COMO NUEVA TIENE TODOS LOS EXTRAS CLIMATIZADOR,4 ELEVALUNAS ELÉCTRICOS,CIERRE CENTRALIZADO CON MANDO,VOLANTE MULTIFUNCIONA,ORDENADOR DE ABORDO,ABS.ESP.ECT....MEJOR VER Y PROBAR SIN COMPROMISO', 'Mazda', '5', 73000, 3500, 'Barcelona');
select sleep(1);insert into anuncio (imagen, cont, username, titulo, descripcion, marca, modelo, km, precio, provincia) values ('7f324766-13f3-41b4-8e2b-edb91d2b6830', 0, 'javi', 'Mazda 6 Sport 2.0 16v 4p', 'Vendo MAZDA 6 SPORT, coche en muy buen estado de chapa y el interior esta bien cuidado, tiene todas las revisiones pasadas al dia, lleva control de velocidad, clima aire acondicionado todos los extras, asientos isofix, volante multifunccion, radio cd, itv 2015, motor MAZDA original 2. o DIESEL, consumo 5%, gasta mui poko, cambio de nombre incluido en el precio, saludos.', 'Mazda', '6', 85000, 2500, 'Sevilla');
select sleep(1);insert into anuncio (imagen, cont, username, titulo, descripcion, marca, modelo, km, precio, provincia) values ('9c65f278-3862-4c88-b5f0-6a2bb524d6af', 0, 'javi', 'Opel Corsa Sport 1.4 90cv 3p', 'Opel Corsa 1.4,3 puertas,año 2004,muy buen estado,unica dueña,toda la documentación e ITV al dia, los 4 neumáticos nuevos y revisión recién hecha,dispone de cierre con mando,elevalunas,direccion asistida, aire acondicionado,llantas aluminio.', 'Opel', 'Corsa', 135000, 2000, 'Barcelona');
select sleep(1);insert into anuncio (imagen, cont, username, titulo, descripcion, marca, modelo, km, precio, provincia) values ('80a9b9e4-35fe-456a-852b-ea93cf1df33b', 0, 'felipe', 'Opel Astra 1.6 115cv 3p', 'Opel Astra 1.6 115cv , F.Mat. 03-2014, estado perfecto, direccion asisitida, elevalunas electricos, cierre centralizado, 6 Airbags, Abs, Control de velocidad, Climatizador, Llantas de aleacion, sensores de parking delanteros y traseros.', 'Opel', 'Astra', 90000, 12000, 'Madrid');
select sleep(1);insert into anuncio (imagen, cont, username, titulo, descripcion, marca, modelo, km, precio, provincia) values ('90c42cc2-9633-481e-babe-26a93edaa0b4', 0, 'alberto', 'OPEL ADAM 1.4 XEL Jam 3p', 'Vehículo proveniente de gerencia. En perfecto estado. Revisión de todos los puntos. Garantía de marca. Aceptamos su vehículo a cambio. Aplicado descuento por financiación. ', 'Opel', 'ADAM', 90000, 5000, 'Valencia');
select sleep(1);insert into anuncio (imagen, cont, username, titulo, descripcion, marca, modelo, km, precio, provincia) values ('92d4297e-dac6-49e0-bf3d-048e67e73760', 0, 'javi', 'Peugeot 207 1.6 HDI 3p', 'Aire acondicionado, regulador y limitador de velocidad, toma usb para audio, 4 airbag, bluetooth, faros de niebla, libro de revisiones, ordenador de abordo, cambiado kit de distribución. . .', 'Peugeot', '207', 77000, 7000, 'Barcelona');
select sleep(1);insert into anuncio (imagen, cont, username, titulo, descripcion, marca, modelo, km, precio, provincia) values ('92d37152-4dff-45cc-b30c-10c554fde27b', 0, 'sergio', 'Peugeot 208 Active 1.2 VTi 5p', 'PEUGEOT 208 1.2VTI 82CV REESTRENO!!! KM CERTIFICADOS, CON TODOS LOS EXTRAS, 2 LLAVES, CIERRE CENTRALIZADO CON MANDO, ELEVALUNAS ELECTRICOS, AIRE ACONDICIONADO, ORDENADOR DE ABORDO, RADIO CD CON SALIDA AUX Y MP3, PANTALLA TACTIL, VOLANTE MULTIFUNCION, TOTALMENTE REVISADO Y GARANTIZADO.', 'Peugeot', '208', 50000, 9000, 'Sevilla');
select sleep(1);insert into anuncio (imagen, cont, username, titulo, descripcion, marca, modelo, km, precio, provincia) values ('92d37152-4dff-45cc-b30c-10c554fde29b', 0, 'alicia', 'Ferrari 458 Italia', 'FERRARI 458 ITALIA 570cv , en stock para entrega inmediata ..... Practicamente nuevo , con muy pocos kilometros , no golpes ni accidentes ..... Cambio F1 con levas en el volante en carbono , interior en carbono , frenos carboceramicos con pinzas amarillas , sistema de navegacion , bluetooth , volante de cuero y carbono con leds , sensores de aparcamiento delantero y trasero , funda protectora para exterior , suspension neumatica , etc..... ', 'Ferrari', '458 Italia', 50000, 165000, 'Madrid');
select sleep(1);insert into anuncio (imagen, cont, username, titulo, descripcion, marca, modelo, km, precio, provincia) values ('284f1775-4f9d-4ef6-bfaf-8a54d89133df', 0, 'javi', 'Ferrari California', '****FERRARI CALIFORNIA 4 Plazas, Variante 4.3 V8 - 489 CV —29 CV más— Par máximo de 505 Nm***** Disponible con entrega inmediata en DB7 AUTOS, su nueva agencia de vehículos exclusivos y de gama alta en Tarragona. Equipamiento destacado: Llantas de 20 pulgadas, sensores de aparcamiento, pack de carbono, alarma volumétrica con localizador GPS en tiempo real, faros bixénon, capota completamente eléctrica, bluetooth, Navegación GPS con entradas multimedia, frenos cerámicos, pack de piel completo, asientos completamente eléctricos entre otros.', 'Ferrari', 'California', 42000, 145000, 'Madrid');
select sleep(1);insert into anuncio (imagen, cont, username, titulo, descripcion, marca, modelo, km, precio, provincia) values ('3751a7ca-84b5-4860-a412-1c0a02a6452c', 0, 'alberto', 'Ferrari Sergio', 'coche bueno bonito y barato', 'Ferrari', 'Sergio', 90000, 125000, 'Barcelona');
select sleep(1);insert into anuncio (imagen, cont, username, titulo, descripcion, marca, modelo, km, precio, provincia) values ('92d37152-4dff-45cc-b30c-10c554fde28b', 0, 'felipe', 'Ferrari 575M Maranello buen estado', 'coche bueno bonito y barato', 'Ferrari', '575M Maranello', 120000, 35000, 'Sevilla');
select sleep(1);insert into anuncio (imagen, cont, username, titulo, descripcion, marca, modelo, km, precio, provincia) values ('6321e1ef-70a4-42af-96a7-11b5433c3d4e', 0, 'blas', 'Nissan GTR 3.8 V6 2010', 'Vehículo muy cuidado en perfecto estado, equipado con cambio automático con levas en el volante, navegador, ordenador de abordo, volante multifunción, velocidad de crucero, control por voz, preinstalación manos libres, asientos deportivos mixtos electricos y calefactados, equipo de sonido BOSE, sensor de luces y lluvia, faros bixenón, llantas de aleacion de 20", acabados en carbono, neumaticos michelin pilot recien puestos, .... etc, Es del año 12/2009, vehiculo siempre en garaje con su funda a medida original y se entrega con garantia mecanica.','Nissan', 'GT-R', 89000, 55000, 'Sevilla');
select sleep(1);insert into anuncio (imagen, cont, username, titulo, descripcion, marca, modelo, km, precio, provincia) values ('34905d01-dbfa-4ba1-bc74-4c2b9b5ad3ae', 0, 'sergio', 'Nissan Note 1.5dCi 90cv Acenta 5p.', 'coche muy nuevo, precio negociable','Nissan', 'Note', 6000, 25000, 'Girona');
select sleep(1);insert into anuncio (imagen, cont, username, titulo, descripcion, marca, modelo, km, precio, provincia) values ('863565c8-be24-48ce-af75-3ac05b46864c', 0, 'javi', 'Renault Captur 1.5 DCI 90cv', 'Captur 1.5 DCI Zen de 90 cv con luces de día led, Start & Stop, llantas de aleación de 17"""", volante de cuero,elevalunas eléctricos, climatizador automático, luces y limpiaparabrisas automático, ordenador de a bordo, faros antiniebla, ayuda arranque en pendientes, volante multifunción, radio CD con entrada auxiliar y usb, bluetooth, limitador y regulador de velocidad, asientos con anclajes isofix. 24 meses de garantía, gastos de transferencia e iva incluido.', 'Renault', 'Captur', 30000, 12000, 'Madrid');
select sleep(1);insert into anuncio (imagen, cont, username, titulo, descripcion, marca, modelo, km, precio, provincia) values ('14537693-879b-410b-b2e3-1e434714135e', 0, 'sergio', 'Renault Clio Tce 90cv 5p', 'Esta nuevo, a estrenar: Full Equip: Resumen de equipamiento: Ordenador de viaje con velocidad media, consumo medio, consumo instantáneo y autonomía Cuatro altavoces Antena de techo Equipo de audio con radio AM/FM, RDS y pantalla táctil pantalla color Control remoto de audio en el volante Navegador con datos vía tarjeta SD y pantalla a color de 7,0 " con información en 3D y con voz, control mediante pantalla táctil y información de tráfico Indicador de baja presion de los neumáticos Tarjeta / llave inteligente manual Climatizador Limpiaparabrisas delantero con sensor de lluvia Elevalunas eléctricos delanteros Control de crucero Luces de dia LED delanteras Faros con bombilla halógena y lente de superficie compleja Regulación de los faros con ajuste de altura manual y sensor de luz ambiental Luces antiniebla delanteras Cierre centralizado con mando a distancia Volante multi-función revestido de cuero ajustable en altura y en profundidad Dirección asistida eléctrica con endurecimiento progresivo s/velocidad Llantas diamantadas de 17 ".', 'Renault', 'Clio', 92000, 7200, 'Santander');
select sleep(1);insert into anuncio (imagen, cont, username, titulo, descripcion, marca, modelo, km, precio, provincia) values ('a7c1f834-3d11-4bb7-87c0-da7dde9e2efe', 0, 'javi', 'BMW M3 M3 A 4p 2014', 'Sistema de navegación profesional, Head Up display, Asientos calefactados, Tempomat, Sensores de aparcamiento, Cámara de marcha atrás, Sistema de sonido Harman Kardon, Cortinillas traseras eléctricas, Surround view, Climatizador bizona, Volante multifunción, Función TV, Llantas de aleación en 18”, Garantía oficial BMW', 'BMW', 'M3', 12000, 87000, 'Guadalajara');
select sleep(1);insert into anuncio (imagen, cont, username, titulo, descripcion, marca, modelo, km, precio, provincia) values ('aa5d672f-b5a9-4f08-9931-4c19afb04297', 0, 'alberto', 'BMW M4 2014', 'EQUIP OPC: cambio doble embrague, llantas 19, cámara trasera, acristalamiento proteccion solar, calefacción asientos delanteros, molduras acentuacion schwarzchrom, molduras interiores aluminio, faro LED, protección activa, driving assistant, surround view, sistema altavoces, internet, telefonia confort, shadow line individual, connect drive', 'BMW', 'M4', 15000, 79000, 'Barcelona');
select sleep(1);insert into anuncio (imagen, cont, username, titulo, descripcion, marca, modelo, km, precio, provincia) values ('bb96d61a-45b3-4344-b5de-3f6490ffc1c4', 0, 'felipe', 'Ford Mondeo 2.0 TDCi 150cv Titanium 5p', 'vehiculo KM0,5 años de garantiafaros de led dinámicos,navegador táctil de 8" con SYNC 2 paquete asientos con memorias,asientos calefactados,auto STAR STOP,arranque sin llave,llantas de 17"sensor presión de neumáticos,EBA,ABS,DDS,EBA,HLA,EPAS, control automatico de luces largas/cortas,sensor de luces y lluvia. control y limitador de velocidad,sistema de visualizacion se señales de trafico con alerta.', 'Ford', 'Mondeo', 11000, 22000, 'Madrid');
select sleep(1);insert into anuncio (imagen, cont, username, titulo, descripcion, marca, modelo, km, precio, provincia) values ('d16d2b56-f520-47f0-b29d-f6303a269d45', 0, 'alberto', 'Ford Focus RS', 'cVendo Ford Focus rs, con 33.000kmts, siempre en garaje, única conductora, totalmente de serie, esta tal cual vino de fabrica. impecable.', 'Ford', 'Focus', 80000, 25000, 'LLeida');
select sleep(1);insert into anuncio (imagen, cont, username, titulo, descripcion, marca, modelo, km, precio, provincia) values ('d85ede06-8b97-485d-91fa-b5993bf4bebb', 0, 'alicia', 'Seat Leon 2.0 TDI 184cv StSp FR 3p', 'Siempre en parking llantas 18 negras, techo panoramico, asientos calefactables, alarma, seat full led, pack black, navegador seguro a todo riesgo hasta agosto', 'Seat', 'Leon', 15000, 23000, 'Orense');
select sleep(1);insert into anuncio (imagen, cont, username, titulo, descripcion, marca, modelo, km, precio, provincia) values ('d585b613-24e1-4f3f-a166-e71812b02bb6', 0, 'blas', 'Seat Ibiza TSI 180cv Cupra DSG 3p', 'Impresionante IBIZA CUPRA, vehículo seminuevo, en inmejorable estado. Super equipado, con cambio DSG con levas en el volante, xenon, regulador velocidad, sensor lluvia/luces, navegacion, parking, techo panoramico . . ', 'Seat', 'Ibiza', 23000, 14000, 'Ibiza');
select sleep(1);insert into anuncio (imagen, cont, username, titulo, descripcion, marca, modelo, km, precio, provincia) values ('dc155d86-1aa1-49b0-9f2a-e7801f64a480', 0, 'sergio', 'Seat Exeo 2.0 TSI 210 CV Sport 4p', 'Asientos eléctricos con 4 memorias , asientos de piel / calefactados, techo solar, xenón , conexión para iPhone, conexión para enchufe 230v, alerón , taloneras y parachoques delantero del Quit aerodinámico , rueda de repuesto con llanta igual que las otras cuatro , equipo de sonido bosé, sensores de aparcamiento delantero y posterior', 'Seat', 'Exeo', 59000, 17000, 'Jaen');
select sleep(1);insert into anuncio (imagen, cont, username, titulo, descripcion, marca, modelo, km, precio, provincia) values ('232a1455-83fb-499e-96c8-275dde2949cc', 0, 'felipe', 'Porsche Panamera 4S 5p', 'PANAMERA 4S SPORTCRONO,PERFECTO ESTADO,HISTORIAL DE REVISIONES,KILOMETROS CERTIFICADOS,SUSPENSION VARIABLE PASM,SPORTCRONO PLUS,LLANTAS PORSCHE 19",SISTEMA DE NAVEGACION,BIXENON,SENSORES DE APARCAMIENTO,LUNAS TRASERAS TINTADAS PRIVACY,ALARMA,CARGADOR CD,TELEFONO FIJO Y MANOS LIBRES,CONEXION USB,CAMBIO PDK,VOLANTE MULTIFUNCIONAL,ASIENTOS ELECTRICOS,ETC....NO FUMADOR,MUY CUIDADO,', 'Porsche', 'Panamera', 90000, 52000, 'Madrid');
select sleep(1);insert into anuncio (imagen, cont, username, titulo, descripcion, marca, modelo, km, precio, provincia) values ('dcb8b37b-97bf-4986-919e-817d859d033f', 0, 'blas', 'Porsche Cayenne S 5p', 'PORSCHE CAYENNE S 385CV NACIONAL CON LIBRO DE MANTENIMIENTO OFICIAL, EN PERFECTO ESTADO. EXTRAS: Suspensión neumática, Llanta 20", Tapicería completa de cuero, asientos eléctricos, calefacción en los asientos, Control de velocidad, Sistema de navegación, Boton sport, lunas oscurecidas, climatizador digital, Faros de xenón, Sensores de aparcamiento, sistema de audio..', 'Porsche', 'Cayenne', 157000, 22000, 'Barcelona');
select sleep(1);insert into anuncio (imagen, cont, username, titulo, descripcion, marca, modelo, km, precio, provincia) values ('36b2fa48-1484-40f2-8520-24ed785a4fb4', 0, 'felipe', 'Lamborghini Aventador 6.5 V12', 'Impresionante. Tapa motor de cristal. Sistema de sonido de escape variable. Antirradar Lamborghini. Localizador Lamborghini. Revisiones en Lamborghini.', 'Lamborghini', 'Aventador', 30000, 330000, 'Barcelona');
select sleep(1);insert into anuncio (imagen, cont, username, titulo, descripcion, marca, modelo, km, precio, provincia) values ('f9ffce64-b4b0-4b0d-b2bf-782be158bdfb', 0, 'blas', 'Lamborghini Huracan LP 6104 2p', 'Precio sin impuetos. Tapiceria de cuero, Sistema de navegación, Sensores de aparcamiento, Camara de marcha atras, Suspensión neumatica, Faros de xenon plus, Asientos calefactados, Volante multifunción con levas, Frenos ceramicos, Llantas de 20" Giano, Asientos deportivos, Garantia oficial Lamborghini', 'Lamborghini', 'Huracan', 65000, 192000, 'Barcelona');
select sleep(1);insert into anuncio (imagen, cont, username, titulo, descripcion, marca, modelo, km, precio, provincia) values ('66739694-f8c0-46af-b29c-d19edb59725c', 0, 'felipe', 'Volkswagen Scirocco 1.4 TSI 122cv', 'El coche esta muy cuidado y en muy buen estado. Revisado y garantizado por 1 año.', 'Volkswagen', 'Scirocco', 100000, 12500, 'Cadiz');
select sleep(1);insert into anuncio (imagen, cont, username, titulo, descripcion, marca, modelo, km, precio, provincia) values ('c3752497-8838-43e3-803a-9785416de589', 0, 'blas', 'Volkswagen Golf GTD 2.0 TDI 184cv', 'VW GOLF VII GTD 184cv. 5p - Blanco.011/2014.- 65200 km .- garantía oficial hasta nov 2016. 4,2 l/100 km. Cambio manual 6v. Vehículo de empleado de Volkswagen. Estado inmaculado. Paquete GTD SPORT & Sound – llantas de 18” NOGARO bitono , sistema de amplificación de sonido de escapes y pinzas freno en rojo. Airbag rodillas, frontales, de cabeza y laterales. Isofix, ABS, ESC, ASR, XDS, Tempomat, Park Pilot, Detector de fatiga, EDS, Selector de perfil de conducción, BiXennon, Pre-crash, tren de rodaje deportivo GTI, Clima Bizonal, tapicería GTI, 8 altavoces, etc….. PVP 18.000€', 'Volkswagen', 'Golf', 65200, 18000, 'Madrid');


select sleep(1);insert into favoritos (username, idanuncio) values ('felipe', 3);
select sleep(1);insert into favoritos (username, idanuncio) values ('alberto', 1);
select sleep(1);insert into favoritos (username, idanuncio) values ('javi', 2);
select sleep(1);insert into favoritos (username, idanuncio) values ('alicia', 4);
select sleep(1);insert into favoritos (username, idanuncio) values ('blas', 5);
select sleep(1);insert into favoritos (username, idanuncio) values ('sergio', 6);
select sleep(1);insert into favoritos (username, idanuncio) values ('javi', 3);
select sleep(1);insert into favoritos (username, idanuncio) values ('blas', 7);
select sleep(1);insert into favoritos (username, idanuncio) values ('alberto', 8);
select sleep(1);insert into favoritos (username, idanuncio) values ('alberto', 9);

select sleep(1);insert into mensajes(usuarioenvia, usuariorecibe, anuncio, mensaje)values('felipe', 'javi', 4, 'Estoy interesado en el coche del anuncio mi numero de telefono es XXXXXXXXX');
select sleep(1);insert into mensajes(usuarioenvia, usuariorecibe, anuncio, mensaje)values('alberto', 'javi', 5, 'Estoy interesado en el coche del anuncio mi numero de telefono es XXXXXXXXX');
select sleep(1);insert into mensajes(usuarioenvia, usuariorecibe, anuncio, mensaje)values('sergio', 'javi', 8, 'Estoy interesado en el coche del anuncio mi numero de telefono es XXXXXXXXX');
select sleep(1);insert into mensajes(usuarioenvia, usuariorecibe, anuncio, mensaje)values('javi', 'alberto', 1, 'Estoy interesado en el coche del anuncio mi numero de telefono es XXXXXXXXX');
select sleep(1);insert into mensajes(usuarioenvia, usuariorecibe, anuncio, mensaje)values('felipe', 'alberto', 7, 'Estoy interesado en el coche del anuncio mi numero de telefono es XXXXXXXXX');
select sleep(1);insert into mensajes(usuarioenvia, usuariorecibe, anuncio, mensaje)values('alicia', 'felipe', 6, 'Estoy interesado en el coche del anuncio mi numero de telefono es XXXXXXXXX');
select sleep(1);insert into mensajes(usuarioenvia, usuariorecibe, anuncio, mensaje)values('javi', 'felipe', 13, 'Estoy interesado en el coche del anuncio mi numero de telefono es XXXXXXXXX');
select sleep(1);insert into mensajes(usuarioenvia, usuariorecibe, anuncio, mensaje)values('alberto', 'felipe', 20, 'Estoy interesado en el coche del anuncio mi numero de telefono es XXXXXXXXX');
select sleep(1);insert into mensajes(usuarioenvia, usuariorecibe, anuncio, mensaje)values('alicia', 'sergio', 3, 'Estoy interesado en el coche del anuncio mi numero de telefono es XXXXXXXXX');
select sleep(1);insert into mensajes(usuarioenvia, usuariorecibe, anuncio, mensaje)values('blas', 'sergio', 9, 'Estoy interesado en el coche del anuncio mi numero de telefono es XXXXXXXXX');

